Workbook

Sheet README
A1: 📋 WORKBOOK GUIDE ─ Spreadsheets for Data Handling Training
A3: Sheet Overview
A4: Orders_Raw | B4: 30 rows of intentionally messy order data. Use this for cleaning, sorting, filtering & functions.
A5: Products | B5: 6-row product reference table. Use this as the lookup range for VLOOKUP / XLOOKUP.
A6: Customers | B6: 10-row customer reference. Explore tier data and practice joins with Order data.
A7: Analysis | B7: Pre-built formulas demonstrating SUM, IF, VLOOKUP, XLOOKUP. Study and extend these.
A8: README | B8: This sheet. Keep open as a reference while working.
A10: Intentional Data Quality Issues to Find & Fix
A11: ▸ Row 6 (ORD-1006): Date in MM/DD/YYYY format instead of YYYY-MM-DD
A12: ▸ Row 6 (ORD-1006): Status is lowercase 'shipped' — should be 'Shipped'
A13: ▸ Row 6 (ORD-1006): Quantity is stored as TEXT '7' (highlighted orange) — convert with VALUE()
A14: ▸ Rows 1, 7, 24 (Alice, Grace, Wendy): Customer names have leading/trailing spaces — fix with TRIM()
A15: ▸ Rows 2, 13, 25 (Bob, Liam, Xander): Names in ALL CAPS — fix with PROPER()
A16: ▸ Row 11 (ORD-1011): Duplicate of Row 1 — use Remove Duplicates
A17: ▸ Row 18 (ORD-1018): Date in MM/DD/YYYY format — highlighted orange
A18: ▸ Rows 3, 8, 15 (carol, henry, noah): Names in all lowercase — fix with PROPER()
A20: Key Formulas Quick Reference
A21: Function | B21: Example | D21: What It Does
A22: SUM | B22: =SUM(F2:F31) | D22: Total of a range
A23: AVERAGE | B23: =AVERAGE(G2:G31) | D23: Mean of numeric values
A24: COUNTIF | B24: =COUNTIF(H2:H31,"Shipped") | D24: Count cells matching a condition
A25: IF | B25: =IF(F2>=10,"Large","Small") | D25: Return value based on condition
A26: TRIM | B26: =TRIM(C2) | D26: Remove extra spaces
A27: PROPER | B27: =PROPER(C2) | D27: Fix capitalisation
A28: VALUE | B28: =VALUE(F2) | D28: Convert text number to real number
A29: IFERROR | B29: =IFERROR(VLOOKUP(...),"Not Found") | D29: Trap errors gracefully
A30: VLOOKUP | B30: =VLOOKUP(E2,Products!$A:$F,2,FALSE) | D30: Look up value in a table (left-to-right)
A31: XLOOKUP | B31: =XLOOKUP(E2,Products!$A:$A,Products!$C:$C) | D31: Modern flexible lookup

Sheet Orders_Raw
A1: Order_ID | B1: Order_Date | C1: Customer_Name | D1: Region | E1: Product_ID | F1: Quantity | G1: Unit_Price | H1: Status | I1: Notes
A2: ORD-1001 | B2: 2024-01-05 | C2: Alice Johnson | D2: North | E2: PRD-A01 | F2: 10 | G2: 49.99 | H2: Shipped | J2: =TRIM(C2:C31) -> Alice Johnson | K2: =UPPER(C2:C31) -> ALICE JOHNSON | L2: =VLOOKUP(E2,Products!$A:$F,2,0) -> Wireless Headphones | M2: =VLOOKUP(E2,Products!$A:$F,6) -> TechSupply Co. | N2: =VLOOKUP(E2,Products!$A:$F,4) -> 49.99
A3: ORD-1002 | B3: 2024-01-08 | C3: BOB SMITH | D3: South | E3: PRD-B02 | F3: 5 | G3: 120 | H3: Pending | I3: Rush order | J3: =TRIM(C3:C32) -> BOB SMITH | K3: =UPPER(C3:C32) -> BOB SMITH | L3: =VLOOKUP(E3,Products!$A:$F,2,0) -> Standing Desk | M3: =VLOOKUP(E3,Products!$A:$F,6) -> OfficePlus Ltd. | N3: =VLOOKUP(E3,Products!$A:$F,4) -> 120
A4: ORD-1003 | B4: 2024-01-10 | C4: carol white | D4: East | E4: PRD-C03 | F4: 8 | G4: 75.5 | H4: Delivered | J4: =TRIM(C4:C33) -> carol white | K4: =UPPER(C4:C33) -> CAROL WHITE | L4: =VLOOKUP(E4,Products!$A:$F,2,0) -> Ergonomic Chair | M4: =VLOOKUP(E4,Products!$A:$F,6) -> OfficePlus Ltd. | N4: =VLOOKUP(E4,Products!$A:$F,4) -> 75.5
A5: ORD-1004 | B5: 2024-01-15 | C5: David Lee | D5: West | E5: PRD-A01 | F5: 12 | G5: 49.99 | H5: Shipped | J5: =TRIM(C5:C34) -> David Lee | K5: =UPPER(C5:C34) -> DAVID LEE | L5: =VLOOKUP(E5,Products!$A:$F,2,0) -> Wireless Headphones | M5: =VLOOKUP(E5,Products!$A:$F,6) -> TechSupply Co. | N5: =VLOOKUP(E5,Products!$A:$F,4) -> 49.99
A6: ORD-1005 | B6: 2024-01-18 | C6: Emma Brown | D6: North | E6: PRD-D04 | F6: 3 | G6: 200 | H6: Cancelled | I6: Customer request | J6: =TRIM(C6:C35) -> Emma Brown | K6: =UPPER(C6:C35) -> EMMA BROWN | L6: =VLOOKUP(E6,Products!$A:$F,2,0) -> 4K Monitor | M6: =VLOOKUP(E6,Products!$A:$F,6) -> TechSupply Co. | N6: =VLOOKUP(E6,Products!$A:$F,4) -> 200
A7: ORD-1006 | B7: 01/22/2024 | C7: FRANK MILLER | D7: SOUTH | E7: PRD-B02 | F7: 7 | G7: 120 | H7: shipped | J7: =TRIM(C7:C36) -> FRANK MILLER | K7: =UPPER(C7:C36) -> FRANK MILLER | L7: =VLOOKUP(E7,Products!$A:$F,2,0) -> Standing Desk | M7: =VLOOKUP(E7,Products!$A:$F,6) -> OfficePlus Ltd. | N7: =VLOOKUP(E7,Products!$A:$F,4) -> 120
A8: ORD-1007 | B8: 2024-01-25 | C8: Grace Kim | D8: East | E8: PRD-C03 | F8: 6 | G8: 75.5 | H8: Delivered | J8: =TRIM(C8:C37) -> Grace Kim | K8: =UPPER(C8:C37) -> GRACE KIM | L8: =VLOOKUP(E8,Products!$A:$F,2,0) -> Ergonomic Chair | M8: =VLOOKUP(E8,Products!$A:$F,6) -> OfficePlus Ltd. | N8: =VLOOKUP(E8,Products!$A:$F,4) -> 75.5
A9: ORD-1008 | B9: 2024-01-28 | C9: henry jones | D9: West | E9: PRD-E05 | F9: 15 | G9: 35 | H9: Pending | J9: =TRIM(C9:C38) -> henry jones | K9: =UPPER(C9:C38) -> HENRY JONES | L9: =VLOOKUP(E9,Products!$A:$F,2,0) -> USB Hub | M9: =VLOOKUP(E9,Products!$A:$F,6) -> Gadgets Inc. | N9: =VLOOKUP(E9,Products!$A:$F,4) -> 35
A10: ORD-1009 | B10: 2024-02-01 | C10: Isabel Tan | D10: North | E10: PRD-A01 | F10: 9 | G10: 49.99 | H10: Shipped | J10: =TRIM(C10:C39) -> Isabel Tan | K10: =UPPER(C10:C39) -> ISABEL TAN | L10: =VLOOKUP(E10,Products!$A:$F,2,0) -> Wireless Headphones | M10: =VLOOKUP(E10,Products!$A:$F,6) -> TechSupply Co. | N10: =VLOOKUP(E10,Products!$A:$F,4) -> 49.99
A11: ORD-1010 | B11: 2024-02-03 | C11: James Wu | D11: South | E11: PRD-D04 | F11: 4 | G11: 200 | H11: Delivered | I11: VIP | J11: =TRIM(C11:C40) -> James Wu | K11: =UPPER(C11:C40) -> JAMES WU | L11: =VLOOKUP(E11,Products!$A:$F,2,0) -> 4K Monitor | M11: =VLOOKUP(E11,Products!$A:$F,6) -> TechSupply Co. | N11: =VLOOKUP(E11,Products!$A:$F,4) -> 200
A12: ORD-1011 | B12: 2024-02-07 | C12: Alice Johnson | D12: North | E12: PRD-A01 | F12: 10 | G12: 49.99 | H12: Shipped | J12: =TRIM(C12:C41) -> Alice Johnson | K12: =UPPER(C12:C41) -> ALICE JOHNSON | L12: =VLOOKUP(E12,Products!$A:$F,2,0) -> Wireless Headphones | M12: =VLOOKUP(E12,Products!$A:$F,6) -> TechSupply Co. | N12: =VLOOKUP(E12,Products!$A:$F,4) -> 49.99
A13: ORD-1012 | B13: 2024-02-10 | C13: Karen Patel | D13: East | E13: PRD-F06 | F13: 20 | G13: 22 | H13: Pending | J13: =TRIM(C13:C42) -> Karen Patel | K13: =UPPER(C13:C42) -> KAREN PATEL | L13: =VLOOKUP(E13,Products!$A:$F,2,0) -> Notebook (A5) | M13: =VLOOKUP(E13,Products!$A:$F,6) -> PaperWorld | N13: =VLOOKUP(E13,Products!$A:$F,4) -> 22
A14: ORD-1013 | B14: 2024-02-12 | C14: LIAM CHEN | D14: West | E14: PRD-B02 | F14: 8 | G14: 120 | H14: Shipped | J14: =TRIM(C14:C43) -> LIAM CHEN | K14: =UPPER(C14:C43) -> LIAM CHEN | L14: =VLOOKUP(E14,Products!$A:$F,2,0) -> Standing Desk | M14: =VLOOKUP(E14,Products!$A:$F,6) -> OfficePlus Ltd. | N14: =VLOOKUP(E14,Products!$A:$F,4) -> 120
A15: ORD-1014 | B15: 2024-02-15 | C15: Mia Russo | D15: North | E15: PRD-C03 | F15: 11 | G15: 75.5 | H15: Delivered | J15: =TRIM(C15:C44) -> Mia Russo | K15: =UPPER(C15:C44) -> MIA RUSSO | L15: =VLOOKUP(E15,Products!$A:$F,2,0) -> Ergonomic Chair | M15: =VLOOKUP(E15,Products!$A:$F,6) -> OfficePlus Ltd. | N15: =VLOOKUP(E15,Products!$A:$F,4) -> 75.5
A16: ORD-1015 | B16: 2024-02-18 | C16: noah kim | D16: South | E16: PRD-E05 | F16: 6 | G16: 35 | H16: Cancelled | I16: Out of stock | J16: =TRIM(C16:C45) -> noah kim | K16: =UPPER(C16:C45) -> NOAH KIM | L16: =VLOOKUP(E16,Products!$A:$F,2,0) -> USB Hub | M16: =VLOOKUP(E16,Products!$A:$F,6) -> Gadgets Inc. | N16: =VLOOKUP(E16,Products!$A:$F,4) -> 35
A17: ORD-1016 | B17: 2024-02-20 | C17: Olivia Park | D17: East | E17: PRD-D04 | F17: 7 | G17: 200 | H17: Shipped | J17: =TRIM(C17:C46) -> Olivia Park | K17: =UPPER(C17:C46) -> OLIVIA PARK | L17: =VLOOKUP(E17,Products!$A:$F,2,0) -> 4K Monitor | M17: =VLOOKUP(E17,Products!$A:$F,6) -> TechSupply Co. | N17: =VLOOKUP(E17,Products!$A:$F,4) -> 200
A18: ORD-1017 | B18: 2024-02-22 | C18: Peter Grant | D18: West | E18: PRD-F06 | F18: 25 | G18: 22 | H18: Pending | J18: =TRIM(C18:C47) -> Peter Grant | K18: =UPPER(C18:C47) -> PETER GRANT | L18: =VLOOKUP(E18,Products!$A:$F,2,0) -> Notebook (A5) | M18: =VLOOKUP(E18,Products!$A:$F,6) -> PaperWorld | N18: =VLOOKUP(E18,Products!$A:$F,4) -> 22
A19: ORD-1018 | B19: 02/25/2024 | C19: Quinn Adams | D19: North | E19: PRD-A01 | F19: 5 | G19: 49.99 | H19: Delivered | J19: =TRIM(C19:C48) -> Quinn Adams | K19: =UPPER(C19:C48) -> QUINN ADAMS | L19: =VLOOKUP(E19,Products!$A:$F,2,0) -> Wireless Headphones | M19: =VLOOKUP(E19,Products!$A:$F,6) -> TechSupply Co. | N19: =VLOOKUP(E19,Products!$A:$F,4) -> 49.99
A20: ORD-1019 | B20: 2024-03-01 | C20: Rachel Scott | D20: South | E20: PRD-B02 | F20: 14 | G20: 120 | H20: Shipped | J20: =TRIM(C20:C49) -> Rachel Scott | K20: =UPPER(C20:C49) -> RACHEL SCOTT | L20: =VLOOKUP(E20,Products!$A:$F,2,0) -> Standing Desk | M20: =VLOOKUP(E20,Products!$A:$F,6) -> OfficePlus Ltd. | N20: =VLOOKUP(E20,Products!$A:$F,4) -> 120
A21: ORD-1020 | B21: 2024-03-04 | C21: Sam Torres | D21: East | E21: PRD-C03 | F21: 9 | G21: 75.5 | H21: Delivered | J21: =TRIM(C21:C50) -> Sam Torres | K21: =UPPER(C21:C50) -> SAM TORRES | L21: =VLOOKUP(E21,Products!$A:$F,2,0) -> Ergonomic Chair | M21: =VLOOKUP(E21,Products!$A:$F,6) -> OfficePlus Ltd. | N21: =VLOOKUP(E21,Products!$A:$F,4) -> 75.5
A22: ORD-1021 | B22: 2024-03-06 | C22: Tina Bell | D22: West | E22: PRD-E05 | F22: 3 | G22: 35 | H22: Pending | J22: =TRIM(C22:C51) -> Tina Bell | K22: =UPPER(C22:C51) -> TINA BELL | L22: =VLOOKUP(E22,Products!$A:$F,2,0) -> USB Hub | M22: =VLOOKUP(E22,Products!$A:$F,6) -> Gadgets Inc. | N22: =VLOOKUP(E22,Products!$A:$F,4) -> 35
A23: ORD-1022 | B23: 2024-03-10 | C23: Uma Singh | D23: North | E23: PRD-D04 | F23: 6 | G23: 200 | H23: Shipped | J23: =TRIM(C23:C52) -> Uma Singh | K23: =UPPER(C23:C52) -> UMA SINGH | L23: =VLOOKUP(E23,Products!$A:$F,2,0) -> 4K Monitor | M23: =VLOOKUP(E23,Products!$A:$F,6) -> TechSupply Co. | N23: =VLOOKUP(E23,Products!$A:$F,4) -> 200
A24: ORD-1023 | B24: 2024-03-12 | C24: Victor Ng | D24: South | E24: PRD-F06 | F24: 18 | G24: 22 | H24: Cancelled | J24: =TRIM(C24:C53) -> Victor Ng | K24: =UPPER(C24:C53) -> VICTOR NG | L24: =VLOOKUP(E24,Products!$A:$F,2,0) -> Notebook (A5) | M24: =VLOOKUP(E24,Products!$A:$F,6) -> PaperWorld | N24: =VLOOKUP(E24,Products!$A:$F,4) -> 22
A25: ORD-1024 | B25: 2024-03-15 | C25: Wendy Fox | D25: East | E25: PRD-A01 | F25: 7 | G25: 49.99 | H25: Delivered | J25: =TRIM(C25:C54) -> Wendy Fox | K25: =UPPER(C25:C54) -> WENDY FOX | L25: =VLOOKUP(E25,Products!$A:$F,2,0) -> Wireless Headphones | M25: =VLOOKUP(E25,Products!$A:$F,6) -> TechSupply Co. | N25: =VLOOKUP(E25,Products!$A:$F,4) -> 49.99
A26: ORD-1025 | B26: 2024-03-18 | C26: XANDER HILL | D26: West | E26: PRD-B02 | F26: 10 | G26: 120 | H26: Shipped | J26: =TRIM(C26:C55) -> XANDER HILL | K26: =UPPER(C26:C55) -> XANDER HILL | L26: =VLOOKUP(E26,Products!$A:$F,2,0) -> Standing Desk | M26: =VLOOKUP(E26,Products!$A:$F,6) -> OfficePlus Ltd. | N26: =VLOOKUP(E26,Products!$A:$F,4) -> 120
A27: ORD-1026 | B27: 2024-03-20 | C27: Yara Osei | D27: North | E27: PRD-C03 | F27: 4 | G27: 75.5 | H27: Pending | J27: =TRIM(C27:C56) -> Yara Osei | K27: =UPPER(C27:C56) -> YARA OSEI | L27: =VLOOKUP(E27,Products!$A:$F,2,0) -> Ergonomic Chair | M27: =VLOOKUP(E27,Products!$A:$F,6) -> OfficePlus Ltd. | N27: =VLOOKUP(E27,Products!$A:$F,4) -> 75.5
A28: ORD-1027 | B28: 2024-03-22 | C28: Zoe Clark | D28: South | E28: PRD-D04 | F28: 8 | G28: 200 | H28: Delivered | J28: =TRIM(C28:C57) -> Zoe Clark | K28: =UPPER(C28:C57) -> ZOE CLARK | L28: =VLOOKUP(E28,Products!$A:$F,2,0) -> 4K Monitor | M28: =VLOOKUP(E28,Products!$A:$F,6) -> TechSupply Co. | N28: =VLOOKUP(E28,Products!$A:$F,4) -> 200
... A31: ORD-1030 | B31: 2024-03-30 | C31: Carol White | D31: East | E31: PRD-A01 | F31: 5 | G31: 49.99 | H31: Delivered | J31: =TRIM(C31:C60) -> Carol White | K31: =UPPER(C31:C60) -> CAROL WHITE | L31: =VLOOKUP(E31,Products!$A:$F,2,0) -> Wireless Headphones | M31: =VLOOKUP(E31,Products!$A:$F,6) -> TechSupply Co. | N31: =VLOOKUP(E31,Products!$A:$F,4) -> 49.99

Sheet Products
A1: Product_ID | B1: Product_Name | C1: Category | D1: Unit_Price | E1: Stock_Qty | F1: Supplier
A2: PRD-A01 | B2: Wireless Headphones | C2: Electronics | D2: 49.99 | E2: 320 | F2: TechSupply Co.
A3: PRD-B02 | B3: Standing Desk | C3: Furniture | D3: 120 | E3: 85 | F3: OfficePlus Ltd.
A4: PRD-C03 | B4: Ergonomic Chair | C4: Furniture | D4: 75.5 | E4: 140 | F4: OfficePlus Ltd.
A5: PRD-D04 | B5: 4K Monitor | C5: Electronics | D5: 200 | E5: 60 | F5: TechSupply Co.
A6: PRD-E05 | B6: USB Hub | C6: Electronics | D6: 35 | E6: 500 | F6: Gadgets Inc.
A7: PRD-F06 | B7: Notebook (A5) | C7: Stationery | D7: 22 | E7: 1200 | F7: PaperWorld

Sheet Customers
A1: Customer_Name | B1: Customer_Tier | C1: Email | D1: Country | E1: Join_Date | F1: Total_Orders
A2: Alice Johnson | B2: Gold | C2: alice@example.com | D2: USA | E2: 2022-03-10 | F2: 14
A3: Bob Smith | B3: Silver | C3: bob@example.com | D3: USA | E3: 2023-01-15 | F3: 7
A4: Carol White | B4: Bronze | C4: carol@example.com | D4: Canada | E4: 2023-06-01 | F4: 3
A5: David Lee | B5: Gold | C5: david@example.com | D5: UK | E5: 2021-11-20 | F5: 21
A6: Emma Brown | B6: Silver | C6: emma@example.com | D6: USA | E6: 2023-09-05 | F6: 5
A7: Frank Miller | B7: Bronze | C7: frank@example.com | D7: Canada | E7: 2024-01-10 | F7: 2
A8: Grace Kim | B8: Silver | C8: grace@example.com | D8: USA | E8: 2022-07-18 | F8: 9
A9: Henry Jones | B9: Bronze | C9: henry@example.com | D9: UK | E9: 2023-11-03 | F9: 4
A10: Isabel Tan | B10: Gold | C10: isabel@example.com | D10: USA | E10: 2021-05-14 | F10: 18
A11: James Wu | B11: Gold | C11: james@example.com | D11: Canada | E11: 2020-08-22 | F11: 30

Sheet Analysis
A1: SECTION A ─ Basic Functions (SUM, AVERAGE, COUNT, IF)
A2: Metric | B2: Formula Used | C2: Result
A3: Total Orders | B3: =COUNTA(Orders_Raw!A2:A31) -> 30 | C3: =COUNTA(Orders_Raw!A2:A31) -> 30
A4: Total Revenue | B4: =SUMPRODUCT(Orders_Raw!F2:F31,Orders_Raw!G2:G31) -> 19426.42 | C4: =SUMPRODUCT(Orders_Raw!F2:F31,Orders_Raw!G2:G31) -> 19426.42
A5: Average Unit Price | B5: =AVERAGE(Orders_Raw!G2:G31) -> 85.181 | C5: =AVERAGE(Orders_Raw!G2:G31) -> 85.181
A6: Max Order Quantity | B6: =MAX(Orders_Raw!F2:F31) -> 25 | C6: =MAX(Orders_Raw!F2:F31) -> 25
A7: Min Order Quantity | B7: =MIN(Orders_Raw!F2:F31) -> 3 | C7: =MIN(Orders_Raw!F2:F31) -> 3
A8: Shipped Orders | B8: =COUNTIF(Orders_Raw!H2:H31,"Shipped") -> 11 | C8: =COUNTIF(Orders_Raw!H2:H31,"Shipped") -> 11
A9: Pending Orders | B9: =COUNTIF(Orders_Raw!H2:H31,"Pending") -> 7 | C9: =COUNTIF(Orders_Raw!H2:H31,"Pending") -> 7
A10: High-Value Orders (>$1000) | B10: =COUNTIF(Orders_Raw!F2:F31,">"&(1000/Orders_Raw!G2:G31)) -> 1 | C10: =COUNTIF(Orders_Raw!F2:F31,">"&(1000/Orders_Raw!G2:G31)) -> 1
A12: SECTION B ─ IF Function: Order Size Classification
A13: Order_ID | B13: Quantity | C13: Order_Size (IF formula) | D13: Revenue | E13: Revenue_Band (nested IF)
A14: =Orders_Raw!A2 -> ORD-1001 | B14: =Orders_Raw!F2 -> 10 | C14: =IF(Orders_Raw!F2>=10,"Large",IF(Orders_Raw!F2>=5,"Medium","Small")) -> Large | D14: =Orders_Raw!F2*Orders_Raw!G2 -> 499.9 | E14: =IF(Orders_Raw!F2*Orders_Raw!G2>=1000,"High",IF(Orders_Raw!F2*Orders_Raw!G2>=500,"Medium","Low")) -> Low
A15: =Orders_Raw!A3 -> ORD-1002 | B15: =Orders_Raw!F3 -> 5 | C15: =IF(Orders_Raw!F3>=10,"Large",IF(Orders_Raw!F3>=5,"Medium","Small")) -> Medium | D15: =Orders_Raw!F3*Orders_Raw!G3 -> 600 | E15: =IF(Orders_Raw!F3*Orders_Raw!G3>=1000,"High",IF(Orders_Raw!F3*Orders_Raw!G3>=500,"Medium","Low")) -> Medium
A16: =Orders_Raw!A4 -> ORD-1003 | B16: =Orders_Raw!F4 -> 8 | C16: =IF(Orders_Raw!F4>=10,"Large",IF(Orders_Raw!F4>=5,"Medium","Small")) -> Medium | D16: =Orders_Raw!F4*Orders_Raw!G4 -> 604 | E16: =IF(Orders_Raw!F4*Orders_Raw!G4>=1000,"High",IF(Orders_Raw!F4*Orders_Raw!G4>=500,"Medium","Low")) -> Medium
A17: =Orders_Raw!A5 -> ORD-1004 | B17: =Orders_Raw!F5 -> 12 | C17: =IF(Orders_Raw!F5>=10,"Large",IF(Orders_Raw!F5>=5,"Medium","Small")) -> Large | D17: =Orders_Raw!F5*Orders_Raw!G5 -> 599.88 | E17: =IF(Orders_Raw!F5*Orders_Raw!G5>=1000,"High",IF(Orders_Raw!F5*Orders_Raw!G5>=500,"Medium","Low")) -> Medium
A18: =Orders_Raw!A6 -> ORD-1005 | B18: =Orders_Raw!F6 -> 3 | C18: =IF(Orders_Raw!F6>=10,"Large",IF(Orders_Raw!F6>=5,"Medium","Small")) -> Small | D18: =Orders_Raw!F6*Orders_Raw!G6 -> 600 | E18: =IF(Orders_Raw!F6*Orders_Raw!G6>=1000,"High",IF(Orders_Raw!F6*Orders_Raw!G6>=500,"Medium","Low")) -> Medium
A19: =Orders_Raw!A7 -> ORD-1006 | B19: =Orders_Raw!F7 -> 7 | C19: =IF(Orders_Raw!F7>=10,"Large",IF(Orders_Raw!F7>=5,"Medium","Small")) -> Medium | D19: =Orders_Raw!F7*Orders_Raw!G7 -> 840 | E19: =IF(Orders_Raw!F7*Orders_Raw!G7>=1000,"High",IF(Orders_Raw!F7*Orders_Raw!G7>=500,"Medium","Low")) -> Medium
A20: =Orders_Raw!A8 -> ORD-1007 | B20: =Orders_Raw!F8 -> 6 | C20: =IF(Orders_Raw!F8>=10,"Large",IF(Orders_Raw!F8>=5,"Medium","Small")) -> Medium | D20: =Orders_Raw!F8*Orders_Raw!G8 -> 453 | E20: =IF(Orders_Raw!F8*Orders_Raw!G8>=1000,"High",IF(Orders_Raw!F8*Orders_Raw!G8>=500,"Medium","Low")) -> Low
A21: =Orders_Raw!A9 -> ORD-1008 | B21: =Orders_Raw!F9 -> 15 | C21: =IF(Orders_Raw!F9>=10,"Large",IF(Orders_Raw!F9>=5,"Medium","Small")) -> Large | D21: =Orders_Raw!F9*Orders_Raw!G9 -> 525 | E21: =IF(Orders_Raw!F9*Orders_Raw!G9>=1000,"High",IF(Orders_Raw!F9*Orders_Raw!G9>=500,"Medium","Low")) -> Medium
A22: =Orders_Raw!A10 -> ORD-1009 | B22: =Orders_Raw!F10 -> 9 | C22: =IF(Orders_Raw!F10>=10,"Large",IF(Orders_Raw!F10>=5,"Medium","Small")) -> Medium | D22: =Orders_Raw!F10*Orders_Raw!G10 -> 449.91 | E22: =IF(Orders_Raw!F10*Orders_Raw!G10>=1000,"High",IF(Orders_Raw!F10*Orders_Raw!G10>=500,"Medium","Low")) -> Low
A23: =Orders_Raw!A11 -> ORD-1010 | B23: =Orders_Raw!F11 -> 4 | C23: =IF(Orders_Raw!F11>=10,"Large",IF(Orders_Raw!F11>=5,"Medium","Small")) -> Small | D23: =Orders_Raw!F11*Orders_Raw!G11 -> 800 | E23: =IF(Orders_Raw!F11*Orders_Raw!G11>=1000,"High",IF(Orders_Raw!F11*Orders_Raw!G11>=500,"Medium","Low")) -> Medium
A25: SECTION C ─ VLOOKUP / XLOOKUP: Enrich Orders with Product Names
A26: Order_ID | B26: Product_ID | C26: Product_Name (VLOOKUP) | D26: Category (XLOOKUP) | E26: Unit_Price_Check (VLOOKUP)
A27: =Orders_Raw!A2 -> ORD-1001 | B27: =Orders_Raw!E2 -> PRD-A01 | C27: =IFERROR(VLOOKUP(Orders_Raw!E2,Products!$A:$F,2,FALSE()),"Not Found") -> Wireless Headphones | D27: =IFERROR(xlookup(Orders_Raw!E2,Products!$A:$A,Products!$C:$C,"Not Found"),"Not Found") -> Not Found | E27: =IFERROR(VLOOKUP(Orders_Raw!E2,Products!$A:$F,4,FALSE()),"Not Found") -> 49.99
A28: =Orders_Raw!A3 -> ORD-1002 | B28: =Orders_Raw!E3 -> PRD-B02 | C28: =IFERROR(VLOOKUP(Orders_Raw!E3,Products!$A:$F,2,FALSE()),"Not Found") -> Standing Desk | D28: =IFERROR(xlookup(Orders_Raw!E3,Products!$A:$A,Products!$C:$C,"Not Found"),"Not Found") -> Not Found | E28: =IFERROR(VLOOKUP(Orders_Raw!E3,Products!$A:$F,4,FALSE()),"Not Found") -> 120
A29: =Orders_Raw!A4 -> ORD-1003 | B29: =Orders_Raw!E4 -> PRD-C03 | C29: =IFERROR(VLOOKUP(Orders_Raw!E4,Products!$A:$F,2,FALSE()),"Not Found") -> Ergonomic Chair | D29: =IFERROR(xlookup(Orders_Raw!E4,Products!$A:$A,Products!$C:$C,"Not Found"),"Not Found") -> Not Found | E29: =IFERROR(VLOOKUP(Orders_Raw!E4,Products!$A:$F,4,FALSE()),"Not Found") -> 75.5
A30: =Orders_Raw!A5 -> ORD-1004 | B30: =Orders_Raw!E5 -> PRD-A01 | C30: =IFERROR(VLOOKUP(Orders_Raw!E5,Products!$A:$F,2,FALSE()),"Not Found") -> Wireless Headphones | D30: =IFERROR(xlookup(Orders_Raw!E5,Products!$A:$A,Products!$C:$C,"Not Found"),"Not Found") -> Not Found | E30: =IFERROR(VLOOKUP(Orders_Raw!E5,Products!$A:$F,4,FALSE()),"Not Found") -> 49.99
A31: =Orders_Raw!A6 -> ORD-1005 | B31: =Orders_Raw!E6 -> PRD-D04 | C31: =IFERROR(VLOOKUP(Orders_Raw!E6,Products!$A:$F,2,FALSE()),"Not Found") -> 4K Monitor | D31: =IFERROR(xlookup(Orders_Raw!E6,Products!$A:$A,Products!$C:$C,"Not Found"),"Not Found") -> Not Found | E31: =IFERROR(VLOOKUP(Orders_Raw!E6,Products!$A:$F,4,FALSE()),"Not Found") -> 200
A32: =Orders_Raw!A7 -> ORD-1006 | B32: =Orders_Raw!E7 -> PRD-B02 | C32: =IFERROR(VLOOKUP(Orders_Raw!E7,Products!$A:$F,2,FALSE()),"Not Found") -> Standing Desk | D32: =IFERROR(xlookup(Orders_Raw!E7,Products!$A:$A,Products!$C:$C,"Not Found"),"Not Found") -> Not Found | E32: =IFERROR(VLOOKUP(Orders_Raw!E7,Products!$A:$F,4,FALSE()),"Not Found") -> 120
A33: =Orders_Raw!A8 -> ORD-1007 | B33: =Orders_Raw!E8 -> PRD-C03 | C33: =IFERROR(VLOOKUP(Orders_Raw!E8,Products!$A:$F,2,FALSE()),"Not Found") -> Ergonomic Chair | D33: =IFERROR(xlookup(Orders_Raw!E8,Products!$A:$A,Products!$C:$C,"Not Found"),"Not Found") -> Not Found | E33: =IFERROR(VLOOKUP(Orders_Raw!E8,Products!$A:$F,4,FALSE()),"Not Found") -> 75.5
A34: =Orders_Raw!A9 -> ORD-1008 | B34: =Orders_Raw!E9 -> PRD-E05 | C34: =IFERROR(VLOOKUP(Orders_Raw!E9,Products!$A:$F,2,FALSE()),"Not Found") -> USB Hub | D34: =IFERROR(xlookup(Orders_Raw!E9,Products!$A:$A,Products!$C:$C,"Not Found"),"Not Found") -> Not Found | E34: =IFERROR(VLOOKUP(Orders_Raw!E9,Products!$A:$F,4,FALSE()),"Not Found") -> 35
A35: =Orders_Raw!A10 -> ORD-1009 | B35: =Orders_Raw!E10 -> PRD-A01 | C35: =IFERROR(VLOOKUP(Orders_Raw!E10,Products!$A:$F,2,FALSE()),"Not Found") -> Wireless Headphones | D35: =IFERROR(xlookup(Orders_Raw!E10,Products!$A:$A,Products!$C:$C,"Not Found"),"Not Found") -> Not Found | E35: =IFERROR(VLOOKUP(Orders_Raw!E10,Products!$A:$F,4,FALSE()),"Not Found") -> 49.99
A36: =Orders_Raw!A11 -> ORD-1010 | B36: =Orders_Raw!E11 -> PRD-D04 | C36: =IFERROR(VLOOKUP(Orders_Raw!E11,Products!$A:$F,2,FALSE()),"Not Found") -> 4K Monitor | D36: =IFERROR(xlookup(Orders_Raw!E11,Products!$A:$A,Products!$C:$C,"Not Found"),"Not Found") -> Not Found | E36: =IFERROR(VLOOKUP(Orders_Raw!E11,Products!$A:$F,4,FALSE()),"Not Found") -> 200
